{
  "$schema": "https://developer.microsoft.com/json-schemas/spfx/command-set-extension-manifest.schema.json",

  "id": "9dcad161-8183-4d4d-9da0-0ecf5f26e944",
  "alias": "EflSpecimenCommandSet",
  "componentType": "Extension",
  "extensionType": "ListViewCommandSet",
  "version": "*",
  "manifestVersion": 2,
  "requiresCustomScript": false,

  "items": {
    "COMMAND_1": {
      "title": { "default": "SPECIMEN1" },
      "iconImageUrl": "icons/request.png",
      "type": "command"
    }
  }
}
